timestamp,ticket,signal,death_reason,loss_pips,market_state
2026-02-19 11:22:42,56491270,SELL,SLAIN_BY_FUNDAMENTAL_STORM,8.0,NORMAL
2026-02-19 11:22:42,56491271,SELL,SLAIN_BY_FUNDAMENTAL_STORM,8.0,NORMAL
2026-02-19 11:22:42,56491291,SELL,SLAIN_BY_FUNDAMENTAL_STORM,8.0,NORMAL
2026-02-19 11:22:42,56491294,SELL,SLAIN_BY_FUNDAMENTAL_STORM,4.0,NORMAL
2026-02-19 11:22:42,56491296,SELL,SLAIN_BY_FUNDAMENTAL_STORM,4.0,NORMAL
2026-02-19 11:22:43,56491298,SELL,SLAIN_BY_FUNDAMENTAL_STORM,4.0,NORMAL
2026-02-19 11:22:43,56491299,SELL,SLAIN_BY_FUNDAMENTAL_STORM,4.0,NORMAL
2026-02-19 11:22:43,56491301,SELL,SLAIN_BY_FUNDAMENTAL_STORM,5.0,NORMAL
2026-02-19 11:22:43,56491306,SELL,SLAIN_BY_FUNDAMENTAL_STORM,5.0,NORMAL
2026-02-19 11:22:43,56491309,SELL,SLAIN_BY_FUNDAMENTAL_STORM,3.0,NORMAL
2026-02-19 11:22:43,56491313,SELL,SLAIN_BY_FUNDAMENTAL_STORM,3.0,NORMAL
2026-02-19 11:22:43,56491314,SELL,SLAIN_BY_FUNDAMENTAL_STORM,3.0,NORMAL
2026-02-19 11:22:43,56491315,SELL,SLAIN_BY_FUNDAMENTAL_STORM,3.0,NORMAL
2026-02-19 11:22:44,56491316,SELL,SLAIN_BY_FUNDAMENTAL_STORM,3.0,NORMAL
2026-02-19 11:22:44,56491318,SELL,SLAIN_BY_FUNDAMENTAL_STORM,3.0,NORMAL
2026-02-19 11:22:44,56491321,SELL,SLAIN_BY_FUNDAMENTAL_STORM,3.0,NORMAL
2026-02-19 11:22:44,56491326,SELL,SLAIN_BY_FUNDAMENTAL_STORM,2.0,NORMAL
2026-02-19 11:22:44,56491328,SELL,SLAIN_BY_FUNDAMENTAL_STORM,2.0,NORMAL
2026-02-19 11:22:44,56491330,SELL,SLAIN_BY_FUNDAMENTAL_STORM,1.0,NORMAL
2026-02-19 11:22:44,56491332,SELL,SLAIN_BY_FUNDAMENTAL_STORM,1.0,NORMAL
2026-02-19 11:22:44,56491334,SELL,SLAIN_BY_FUNDAMENTAL_STORM,0.0,NORMAL
2026-02-19 11:22:44,56491335,SELL,SLAIN_BY_FUNDAMENTAL_STORM,0.0,NORMAL
2026-02-19 11:22:45,56491336,SELL,SLAIN_BY_FUNDAMENTAL_STORM,1.0,NORMAL
2026-02-19 11:22:45,56491337,SELL,SLAIN_BY_FUNDAMENTAL_STORM,1.0,NORMAL
2026-02-19 11:22:45,56491338,SELL,SLAIN_BY_FUNDAMENTAL_STORM,2.0,NORMAL
2026-02-19 11:22:45,56491340,SELL,SLAIN_BY_FUNDAMENTAL_STORM,2.0,NORMAL
2026-02-19 11:22:45,56491342,SELL,SLAIN_BY_FUNDAMENTAL_STORM,2.0,NORMAL
2026-02-19 11:22:45,56491343,SELL,SLAIN_BY_FUNDAMENTAL_STORM,2.0,NORMAL
2026-02-19 11:22:45,56491344,SELL,SLAIN_BY_FUNDAMENTAL_STORM,2.0,NORMAL
2026-02-19 11:22:45,56491345,SELL,SLAIN_BY_FUNDAMENTAL_STORM,2.0,NORMAL
2026-02-19 11:22:45,56491346,SELL,SLAIN_BY_FUNDAMENTAL_STORM,2.0,NORMAL
2026-02-19 11:22:45,56491347,SELL,SLAIN_BY_FUNDAMENTAL_STORM,2.0,NORMAL
2026-02-19 11:22:46,56491383,SELL,SLAIN_BY_FUNDAMENTAL_STORM,2.0,NORMAL
2026-02-19 11:22:48,56491385,SELL,SLAIN_BY_FUNDAMENTAL_STORM,2.0,NORMAL
2026-02-19 11:22:49,56491397,SELL,SLAIN_BY_FUNDAMENTAL_STORM,1.0,NORMAL
2026-02-19 11:22:50,56491403,SELL,SLAIN_BY_FUNDAMENTAL_STORM,1.0,NORMAL
2026-02-19 11:22:51,56491406,SELL,SLAIN_BY_FUNDAMENTAL_STORM,2.0,NORMAL
2026-02-19 11:22:53,56491410,SELL,SLAIN_BY_FUNDAMENTAL_STORM,2.0,NORMAL
2026-02-19 11:22:54,56491418,SELL,SLAIN_BY_FUNDAMENTAL_STORM,2.0,NORMAL
2026-02-19 11:22:55,56491421,SELL,SLAIN_BY_FUNDAMENTAL_STORM,2.0,NORMAL
2026-02-19 11:22:57,56491425,SELL,SLAIN_BY_FUNDAMENTAL_STORM,2.0,NORMAL
2026-02-19 11:22:58,56491428,SELL,SLAIN_BY_FUNDAMENTAL_STORM,2.0,NORMAL
2026-02-19 11:22:59,56491432,SELL,SLAIN_BY_FUNDAMENTAL_STORM,2.0,NORMAL
2026-02-19 11:23:00,56491437,SELL,SLAIN_BY_FUNDAMENTAL_STORM,1.0,NORMAL
2026-02-19 11:23:02,56491440,SELL,SLAIN_BY_FUNDAMENTAL_STORM,1.0,NORMAL
2026-02-19 11:23:03,56491445,SELL,SLAIN_BY_FUNDAMENTAL_STORM,2.0,NORMAL
2026-02-19 11:23:04,56491447,SELL,SLAIN_BY_FUNDAMENTAL_STORM,2.0,NORMAL
2026-02-19 11:23:05,56491451,SELL,SLAIN_BY_FUNDAMENTAL_STORM,2.0,NORMAL
2026-02-19 11:23:07,56491453,SELL,SLAIN_BY_FUNDAMENTAL_STORM,2.0,NORMAL
2026-02-19 11:23:08,56491456,SELL,SLAIN_BY_FUNDAMENTAL_STORM,2.0,NORMAL
2026-02-19 11:23:09,56491458,SELL,SLAIN_BY_FUNDAMENTAL_STORM,2.0,NORMAL
2026-02-19 11:23:10,56491460,SELL,SLAIN_BY_FUNDAMENTAL_STORM,2.0,NORMAL
2026-02-19 11:23:11,56491463,SELL,SLAIN_BY_FUNDAMENTAL_STORM,2.0,NORMAL
2026-02-19 11:23:13,56491466,SELL,SLAIN_BY_FUNDAMENTAL_STORM,1.0,NORMAL
2026-02-19 11:23:14,56491470,SELL,SLAIN_BY_FUNDAMENTAL_STORM,1.0,NORMAL
2026-02-19 11:23:15,56491473,SELL,SLAIN_BY_FUNDAMENTAL_STORM,1.0,NORMAL
2026-02-19 11:23:16,56491476,SELL,SLAIN_BY_FUNDAMENTAL_STORM,2.0,NORMAL
2026-02-19 11:23:17,56491479,SELL,SLAIN_BY_FUNDAMENTAL_STORM,2.0,NORMAL
2026-02-19 11:23:19,56491482,SELL,SLAIN_BY_FUNDAMENTAL_STORM,2.0,NORMAL
2026-02-19 11:23:20,56491485,SELL,SLAIN_BY_FUNDAMENTAL_STORM,2.0,NORMAL
2026-02-19 11:23:21,56491489,SELL,SLAIN_BY_FUNDAMENTAL_STORM,2.0,NORMAL
2026-02-19 11:23:22,56491491,SELL,SLAIN_BY_FUNDAMENTAL_STORM,1.0,NORMAL
2026-02-19 11:23:24,56491494,SELL,SLAIN_BY_FUNDAMENTAL_STORM,1.0,NORMAL
2026-02-19 11:23:25,56491497,SELL,SLAIN_BY_FUNDAMENTAL_STORM,1.0,NORMAL
2026-02-19 11:23:26,56491500,SELL,SLAIN_BY_FUNDAMENTAL_STORM,1.0,NORMAL
2026-02-19 11:23:27,56491508,SELL,SLAIN_BY_FUNDAMENTAL_STORM,1.0,NORMAL
2026-02-19 11:23:29,56491510,SELL,SLAIN_BY_FUNDAMENTAL_STORM,1.0,NORMAL
2026-02-19 11:23:30,56491513,SELL,SLAIN_BY_FUNDAMENTAL_STORM,2.0,NORMAL
2026-02-19 11:23:31,56491516,SELL,SLAIN_BY_FUNDAMENTAL_STORM,2.0,NORMAL
2026-02-19 11:23:32,56491518,SELL,SLAIN_BY_FUNDAMENTAL_STORM,2.0,NORMAL
2026-02-19 11:23:33,56491521,SELL,SLAIN_BY_FUNDAMENTAL_STORM,2.0,NORMAL
2026-02-19 11:23:35,56491523,SELL,SLAIN_BY_FUNDAMENTAL_STORM,2.0,NORMAL
2026-02-19 11:23:36,56491526,SELL,SLAIN_BY_FUNDAMENTAL_STORM,4.0,NORMAL
2026-02-19 11:23:37,56491530,SELL,SLAIN_BY_FUNDAMENTAL_STORM,4.0,NORMAL
2026-02-19 11:23:38,56491536,SELL,SLAIN_BY_FUNDAMENTAL_STORM,4.0,NORMAL
2026-02-19 11:23:40,56491541,SELL,SLAIN_BY_FUNDAMENTAL_STORM,4.0,NORMAL
2026-02-19 11:23:41,56491543,SELL,SLAIN_BY_FUNDAMENTAL_STORM,4.0,NORMAL
2026-02-19 11:23:42,56491552,SELL,SLAIN_BY_FUNDAMENTAL_STORM,4.0,NORMAL
2026-02-19 11:23:43,56491556,SELL,SLAIN_BY_FUNDAMENTAL_STORM,5.0,NORMAL
2026-02-19 11:23:44,56491562,SELL,SLAIN_BY_FUNDAMENTAL_STORM,4.0,NORMAL
2026-02-19 11:23:46,56491565,SELL,SLAIN_BY_FUNDAMENTAL_STORM,4.0,NORMAL
2026-02-19 11:23:47,56491571,SELL,SLAIN_BY_FUNDAMENTAL_STORM,4.0,NORMAL
2026-02-19 11:23:48,56491582,SELL,SLAIN_BY_FUNDAMENTAL_STORM,4.0,NORMAL
2026-02-19 11:23:49,56491586,SELL,SLAIN_BY_FUNDAMENTAL_STORM,4.0,NORMAL
2026-02-19 11:23:51,56491593,SELL,SLAIN_BY_FUNDAMENTAL_STORM,4.0,NORMAL
2026-02-19 11:23:52,56491595,SELL,SLAIN_BY_FUNDAMENTAL_STORM,4.0,NORMAL
2026-02-19 11:23:53,56491598,SELL,SLAIN_BY_FUNDAMENTAL_STORM,4.0,NORMAL
2026-02-19 11:23:54,56491603,SELL,SLAIN_BY_FUNDAMENTAL_STORM,4.0,NORMAL
2026-02-19 11:23:56,56491605,SELL,SLAIN_BY_FUNDAMENTAL_STORM,4.0,NORMAL
2026-02-19 11:23:57,56491607,SELL,SLAIN_BY_FUNDAMENTAL_STORM,4.0,NORMAL
2026-02-19 11:23:58,56491610,SELL,SLAIN_BY_FUNDAMENTAL_STORM,4.0,NORMAL
2026-02-19 11:23:59,56491617,SELL,SLAIN_BY_FUNDAMENTAL_STORM,4.0,NORMAL
2026-02-19 11:24:01,56491622,SELL,SLAIN_BY_FUNDAMENTAL_STORM,4.0,NORMAL
2026-02-19 11:24:02,56491625,SELL,SLAIN_BY_FUNDAMENTAL_STORM,4.0,NORMAL
2026-02-19 11:24:03,56491629,SELL,SLAIN_BY_FUNDAMENTAL_STORM,4.0,NORMAL
2026-02-19 11:24:04,56491631,SELL,SLAIN_BY_FUNDAMENTAL_STORM,4.0,NORMAL
2026-02-19 11:24:06,56491634,SELL,SLAIN_BY_FUNDAMENTAL_STORM,4.0,NORMAL
2026-02-19 11:24:07,56491640,SELL,SLAIN_BY_FUNDAMENTAL_STORM,4.0,NORMAL
2026-02-19 11:24:08,56491643,SELL,SLAIN_BY_FUNDAMENTAL_STORM,3.0,NORMAL
2026-02-19 11:24:09,56491645,SELL,SLAIN_BY_FUNDAMENTAL_STORM,3.0,NORMAL
2026-02-19 11:24:11,56491650,SELL,SLAIN_BY_FUNDAMENTAL_STORM,4.0,NORMAL
2026-02-19 11:24:12,56491652,SELL,SLAIN_BY_FUNDAMENTAL_STORM,4.0,NORMAL
2026-02-19 11:24:14,56491654,SELL,SLAIN_BY_FUNDAMENTAL_STORM,3.0,NORMAL
2026-02-19 11:24:15,56491656,SELL,SLAIN_BY_FUNDAMENTAL_STORM,3.0,NORMAL
2026-02-19 11:24:16,56491659,SELL,SLAIN_BY_FUNDAMENTAL_STORM,3.0,NORMAL
2026-02-19 11:24:18,56491661,SELL,SLAIN_BY_FUNDAMENTAL_STORM,3.0,NORMAL
2026-02-19 11:24:19,56491663,SELL,SLAIN_BY_FUNDAMENTAL_STORM,3.0,NORMAL
2026-02-19 11:24:20,56491667,SELL,SLAIN_BY_FUNDAMENTAL_STORM,3.0,NORMAL
2026-02-19 11:24:21,56491671,SELL,SLAIN_BY_FUNDAMENTAL_STORM,3.0,NORMAL
2026-02-19 13:19:20,56508211,SELL,TERMINATED_BY_STRUCTURE_BREAK,18.0,NORMAL
2026-02-19 13:19:20,56508212,SELL,TERMINATED_BY_STRUCTURE_BREAK,18.0,NORMAL
2026-02-19 13:19:20,56508213,SELL,TERMINATED_BY_STRUCTURE_BREAK,18.0,NORMAL
2026-02-19 13:19:20,56508215,SELL,TERMINATED_BY_STRUCTURE_BREAK,17.0,NORMAL
2026-02-19 13:19:20,56508216,SELL,TERMINATED_BY_STRUCTURE_BREAK,18.0,NORMAL
2026-02-19 13:19:20,56508218,SELL,TERMINATED_BY_STRUCTURE_BREAK,17.0,NORMAL
2026-02-19 13:19:20,56508220,SELL,TERMINATED_BY_STRUCTURE_BREAK,17.0,NORMAL
2026-02-19 13:19:20,56508222,SELL,TERMINATED_BY_STRUCTURE_BREAK,17.0,NORMAL
2026-02-19 13:19:20,56508228,SELL,TERMINATED_BY_STRUCTURE_BREAK,16.0,NORMAL
2026-02-19 13:19:20,56508230,SELL,TERMINATED_BY_STRUCTURE_BREAK,17.0,NORMAL
2026-02-19 13:19:22,56508232,SELL,TERMINATED_BY_STRUCTURE_BREAK,16.0,NORMAL
2026-02-19 13:19:22,56508234,SELL,TERMINATED_BY_STRUCTURE_BREAK,16.0,NORMAL
2026-02-19 13:19:23,56508237,SELL,TERMINATED_BY_STRUCTURE_BREAK,16.0,NORMAL
2026-02-19 13:19:23,56508239,SELL,TERMINATED_BY_STRUCTURE_BREAK,16.0,NORMAL
2026-02-19 13:19:24,56508243,SELL,TERMINATED_BY_STRUCTURE_BREAK,17.0,NORMAL
2026-02-19 13:19:24,56508245,SELL,TERMINATED_BY_STRUCTURE_BREAK,17.0,NORMAL
2026-02-19 13:19:24,56508246,SELL,TERMINATED_BY_STRUCTURE_BREAK,17.0,NORMAL
2026-02-19 13:19:24,56508249,SELL,TERMINATED_BY_STRUCTURE_BREAK,17.0,NORMAL
2026-02-19 13:19:24,56508251,SELL,TERMINATED_BY_STRUCTURE_BREAK,17.0,NORMAL
2026-02-19 13:19:24,56508252,SELL,TERMINATED_BY_STRUCTURE_BREAK,17.0,NORMAL
2026-02-19 13:19:24,56508254,SELL,TERMINATED_BY_STRUCTURE_BREAK,17.0,NORMAL
2026-02-19 13:19:25,56508256,SELL,TERMINATED_BY_STRUCTURE_BREAK,17.0,NORMAL
2026-02-19 13:19:25,56508258,SELL,TERMINATED_BY_STRUCTURE_BREAK,17.0,NORMAL
2026-02-19 13:19:25,56508260,SELL,TERMINATED_BY_STRUCTURE_BREAK,17.0,NORMAL
2026-02-19 13:19:26,56508264,SELL,TERMINATED_BY_STRUCTURE_BREAK,17.0,NORMAL
2026-02-19 13:19:26,56508269,SELL,TERMINATED_BY_STRUCTURE_BREAK,17.0,NORMAL
2026-02-19 13:19:26,56508270,SELL,TERMINATED_BY_STRUCTURE_BREAK,17.0,NORMAL
2026-02-19 13:19:26,56508272,SELL,TERMINATED_BY_STRUCTURE_BREAK,17.0,NORMAL
2026-02-19 13:19:26,56508275,SELL,TERMINATED_BY_STRUCTURE_BREAK,18.0,NORMAL
2026-02-19 13:19:26,56508277,SELL,TERMINATED_BY_STRUCTURE_BREAK,18.0,NORMAL
2026-02-19 13:19:26,56508279,SELL,TERMINATED_BY_STRUCTURE_BREAK,18.0,NORMAL
2026-02-19 13:19:26,56508282,SELL,TERMINATED_BY_STRUCTURE_BREAK,20.0,NORMAL
2026-02-19 13:19:26,56508285,SELL,TERMINATED_BY_STRUCTURE_BREAK,20.0,NORMAL
2026-02-19 13:19:32,56508795,SELL,TERMINATED_BY_STRUCTURE_BREAK,3.0,NORMAL
2026-02-19 13:19:32,56508796,SELL,TERMINATED_BY_STRUCTURE_BREAK,3.0,NORMAL
2026-02-19 13:19:32,56508813,SELL,TERMINATED_BY_STRUCTURE_BREAK,3.0,NORMAL
2026-02-19 13:19:32,56508843,SELL,TERMINATED_BY_STRUCTURE_BREAK,3.0,NORMAL
2026-02-19 13:19:32,56508845,SELL,TERMINATED_BY_STRUCTURE_BREAK,3.0,NORMAL
2026-02-19 13:19:32,56508847,SELL,TERMINATED_BY_STRUCTURE_BREAK,3.0,NORMAL
2026-02-19 13:19:32,56508850,SELL,TERMINATED_BY_STRUCTURE_BREAK,3.0,NORMAL
2026-02-19 13:19:33,56508851,SELL,TERMINATED_BY_STRUCTURE_BREAK,2.0,NORMAL
2026-02-19 13:19:34,56508860,SELL,TERMINATED_BY_STRUCTURE_BREAK,3.0,NORMAL
2026-02-19 13:19:35,56508864,SELL,TERMINATED_BY_STRUCTURE_BREAK,3.0,NORMAL
2026-02-19 13:19:36,56508867,SELL,TERMINATED_BY_STRUCTURE_BREAK,3.0,NORMAL
2026-02-19 13:25:04,56508870,SELL,TERMINATED_BY_STRUCTURE_BREAK,4.0,NORMAL
2026-02-19 13:25:04,56508874,SELL,TERMINATED_BY_STRUCTURE_BREAK,9.0,NORMAL
2026-02-19 13:25:04,56508877,SELL,TERMINATED_BY_STRUCTURE_BREAK,9.0,NORMAL
2026-02-19 13:25:04,56508879,SELL,TERMINATED_BY_STRUCTURE_BREAK,9.0,NORMAL
2026-02-19 13:25:05,56508880,SELL,TERMINATED_BY_STRUCTURE_BREAK,8.0,NORMAL
2026-02-19 13:25:05,56508884,SELL,TERMINATED_BY_STRUCTURE_BREAK,9.0,NORMAL
2026-02-19 13:25:05,56508885,SELL,TERMINATED_BY_STRUCTURE_BREAK,9.0,NORMAL
2026-02-19 13:25:05,56508888,SELL,TERMINATED_BY_STRUCTURE_BREAK,9.0,NORMAL
2026-02-19 13:25:06,56508892,SELL,TERMINATED_BY_STRUCTURE_BREAK,9.0,NORMAL
2026-02-19 13:25:06,56508894,SELL,TERMINATED_BY_STRUCTURE_BREAK,9.0,NORMAL
2026-02-19 13:25:06,56508896,SELL,TERMINATED_BY_STRUCTURE_BREAK,9.0,NORMAL
2026-02-19 13:25:07,56508898,SELL,TERMINATED_BY_STRUCTURE_BREAK,9.0,NORMAL
2026-02-19 13:25:07,56508900,SELL,TERMINATED_BY_STRUCTURE_BREAK,9.0,NORMAL
2026-02-19 13:25:07,56508905,SELL,TERMINATED_BY_STRUCTURE_BREAK,10.0,NORMAL
2026-02-19 13:25:08,56508910,SELL,TERMINATED_BY_STRUCTURE_BREAK,9.0,NORMAL
2026-02-19 13:25:08,56508914,SELL,TERMINATED_BY_STRUCTURE_BREAK,8.0,NORMAL
2026-02-19 13:25:09,56508916,SELL,TERMINATED_BY_STRUCTURE_BREAK,8.0,NORMAL
2026-02-19 13:25:09,56508918,SELL,TERMINATED_BY_STRUCTURE_BREAK,8.0,NORMAL
2026-02-19 13:25:09,56508922,SELL,TERMINATED_BY_STRUCTURE_BREAK,8.0,NORMAL
2026-02-19 13:25:09,56508924,SELL,TERMINATED_BY_STRUCTURE_BREAK,7.0,NORMAL
2026-02-19 13:25:09,56508925,SELL,TERMINATED_BY_STRUCTURE_BREAK,7.0,NORMAL
2026-02-19 13:25:09,56508927,SELL,TERMINATED_BY_STRUCTURE_BREAK,8.0,NORMAL
2026-02-19 13:25:10,56508928,SELL,TERMINATED_BY_STRUCTURE_BREAK,8.0,NORMAL
2026-02-19 13:25:10,56508929,SELL,TERMINATED_BY_STRUCTURE_BREAK,9.0,NORMAL
2026-02-19 13:25:10,56508932,SELL,TERMINATED_BY_STRUCTURE_BREAK,8.0,NORMAL
2026-02-19 13:25:10,56508933,SELL,TERMINATED_BY_STRUCTURE_BREAK,8.0,NORMAL
2026-02-19 13:25:10,56508934,SELL,TERMINATED_BY_STRUCTURE_BREAK,8.0,NORMAL
2026-02-19 13:25:10,56508936,SELL,TERMINATED_BY_STRUCTURE_BREAK,7.0,NORMAL
2026-02-19 13:25:10,56508941,SELL,TERMINATED_BY_STRUCTURE_BREAK,8.0,NORMAL
2026-02-19 13:25:10,56508945,SELL,TERMINATED_BY_STRUCTURE_BREAK,8.0,NORMAL
2026-02-19 13:25:11,56508947,SELL,TERMINATED_BY_STRUCTURE_BREAK,8.0,NORMAL
2026-02-19 13:25:11,56508952,SELL,TERMINATED_BY_STRUCTURE_BREAK,7.0,NORMAL
2026-02-19 13:25:11,56508953,SELL,TERMINATED_BY_STRUCTURE_BREAK,7.0,NORMAL
2026-02-19 13:25:11,56508954,SELL,TERMINATED_BY_STRUCTURE_BREAK,7.0,NORMAL
2026-02-19 13:25:11,56508956,SELL,TERMINATED_BY_STRUCTURE_BREAK,7.0,NORMAL
2026-02-19 13:25:11,56508959,SELL,TERMINATED_BY_STRUCTURE_BREAK,7.0,NORMAL
2026-02-19 13:25:11,56508962,SELL,TERMINATED_BY_STRUCTURE_BREAK,7.0,NORMAL
2026-02-19 13:25:13,56509470,SELL,TERMINATED_BY_STRUCTURE_BREAK,3.0,NORMAL
2026-02-19 13:25:14,56509472,SELL,TERMINATED_BY_STRUCTURE_BREAK,3.0,NORMAL
2026-02-19 13:25:15,56509475,SELL,TERMINATED_BY_STRUCTURE_BREAK,3.0,NORMAL
2026-02-19 13:25:17,56509488,SELL,TERMINATED_BY_STRUCTURE_BREAK,3.0,NORMAL
2026-02-19 13:25:18,56509490,SELL,TERMINATED_BY_STRUCTURE_BREAK,3.0,NORMAL
2026-02-19 13:25:19,56509492,SELL,TERMINATED_BY_STRUCTURE_BREAK,3.0,NORMAL
2026-02-19 15:29:07,56533659,PREDATOR,TERMINATED_BY_STRUCTURE_BREAK,49.0
2026-02-19 15:30:01,56533660,PREDATOR,TERMINATED_BY_STRUCTURE_BREAK,47.0
2026-02-19 15:30:01,56533665,PREDATOR,TERMINATED_BY_STRUCTURE_BREAK,48.0
2026-02-19 15:30:01,56533669,PREDATOR,TERMINATED_BY_STRUCTURE_BREAK,43.0
2026-02-19 15:30:01,56533671,PREDATOR,TERMINATED_BY_STRUCTURE_BREAK,41.0
2026-02-19 15:30:02,56533962,PREDATOR,TERMINATED_BY_STRUCTURE_BREAK,31.0
2026-02-19 15:30:02,56534506,PREDATOR,TERMINATED_BY_STRUCTURE_BREAK,7.0
2026-02-19 15:30:02,56536647,PREDATOR,TERMINATED_BY_STRUCTURE_BREAK,19.0
2026-02-19 15:30:02,56538082,PREDATOR,TERMINATED_BY_STRUCTURE_BREAK,11.0
2026-02-19 15:30:02,56538086,PREDATOR,TERMINATED_BY_STRUCTURE_BREAK,12.0
2026-02-19 15:30:03,56538096,PREDATOR,TERMINATED_BY_STRUCTURE_BREAK,8.0
2026-02-19 15:30:03,56538104,PREDATOR,TERMINATED_BY_STRUCTURE_BREAK,8.0
2026-02-19 15:30:06,56538116,PREDATOR,TERMINATED_BY_STRUCTURE_BREAK,8.0
2026-02-19 15:30:06,56538121,PREDATOR,TERMINATED_BY_STRUCTURE_BREAK,8.0
2026-02-19 15:30:06,56538126,PREDATOR,TERMINATED_BY_STRUCTURE_BREAK,8.0
2026-02-19 15:30:06,56538135,PREDATOR,TERMINATED_BY_STRUCTURE_BREAK,10.0
2026-02-19 15:30:07,56538137,PREDATOR,TERMINATED_BY_STRUCTURE_BREAK,9.0
2026-02-19 15:30:07,56538140,PREDATOR,TERMINATED_BY_STRUCTURE_BREAK,10.0
2026-02-19 15:30:07,56538144,PREDATOR,TERMINATED_BY_STRUCTURE_BREAK,10.0
2026-02-19 15:30:08,56538150,PREDATOR,TERMINATED_BY_STRUCTURE_BREAK,9.0
2026-02-19 15:30:08,56538155,PREDATOR,TERMINATED_BY_STRUCTURE_BREAK,9.0
2026-02-19 15:30:08,56538162,PREDATOR,TERMINATED_BY_STRUCTURE_BREAK,9.0
2026-02-19 15:30:08,56538165,PREDATOR,TERMINATED_BY_STRUCTURE_BREAK,9.0
2026-02-19 15:30:08,56538176,PREDATOR,TERMINATED_BY_STRUCTURE_BREAK,9.0
2026-02-19 15:30:08,56538181,PREDATOR,TERMINATED_BY_STRUCTURE_BREAK,7.0
2026-02-19 15:30:08,56538184,PREDATOR,TERMINATED_BY_STRUCTURE_BREAK,7.0
2026-02-19 15:30:08,56538194,PREDATOR,TERMINATED_BY_STRUCTURE_BREAK,7.0
2026-02-19 15:30:08,56538201,PREDATOR,TERMINATED_BY_STRUCTURE_BREAK,7.0
2026-02-19 15:30:08,56538209,PREDATOR,TERMINATED_BY_STRUCTURE_BREAK,7.0
2026-02-19 15:30:09,56538211,PREDATOR,TERMINATED_BY_STRUCTURE_BREAK,7.0
2026-02-19 15:30:09,56538214,PREDATOR,TERMINATED_BY_STRUCTURE_BREAK,7.0
2026-02-19 15:30:09,56538217,PREDATOR,TERMINATED_BY_STRUCTURE_BREAK,7.0
2026-02-19 15:30:09,56538219,PREDATOR,TERMINATED_BY_STRUCTURE_BREAK,8.0
2026-02-19 15:30:09,56538222,PREDATOR,TERMINATED_BY_STRUCTURE_BREAK,8.0
2026-02-19 15:30:09,56538223,PREDATOR,TERMINATED_BY_STRUCTURE_BREAK,7.0
2026-02-19 15:30:09,56538224,PREDATOR,TERMINATED_BY_STRUCTURE_BREAK,7.0
2026-02-19 15:30:09,56538227,PREDATOR,TERMINATED_BY_STRUCTURE_BREAK,7.0
2026-02-19 15:30:10,56538231,PREDATOR,TERMINATED_BY_STRUCTURE_BREAK,7.0
2026-02-19 15:30:10,56538232,PREDATOR,TERMINATED_BY_STRUCTURE_BREAK,7.0
2026-02-19 15:30:10,56538233,PREDATOR,TERMINATED_BY_STRUCTURE_BREAK,7.0
2026-02-19 15:30:10,56538235,PREDATOR,TERMINATED_BY_STRUCTURE_BREAK,6.0
2026-02-19 15:30:11,56538237,PREDATOR,TERMINATED_BY_STRUCTURE_BREAK,6.0
2026-02-19 15:30:11,56538239,PREDATOR,TERMINATED_BY_STRUCTURE_BREAK,6.0
2026-02-19 15:30:17,56538278,PREDATOR,TERMINATED_BY_STRUCTURE_BREAK,3.0
2026-02-19 15:30:17,56538286,PREDATOR,TERMINATED_BY_STRUCTURE_BREAK,1.0
2026-02-19 15:30:17,56538333,PREDATOR,TERMINATED_BY_STRUCTURE_BREAK,3.0
2026-02-19 15:30:17,56538339,PREDATOR,TERMINATED_BY_STRUCTURE_BREAK,4.0
2026-02-19 15:30:17,56538345,PREDATOR,TERMINATED_BY_STRUCTURE_BREAK,4.0
2026-02-19 15:30:18,56538347,PREDATOR,TERMINATED_BY_STRUCTURE_BREAK,2.0
2026-02-19 15:30:21,56538385,PREDATOR,TERMINATED_BY_STRUCTURE_BREAK,4.0
2026-02-19 15:30:21,56538388,PREDATOR,TERMINATED_BY_STRUCTURE_BREAK,3.0
2026-02-19 15:30:22,56538393,PREDATOR,TERMINATED_BY_STRUCTURE_BREAK,2.0
2026-02-19 15:30:23,56538397,PREDATOR,TERMINATED_BY_STRUCTURE_BREAK,2.0
2026-02-19 15:30:25,56538401,PREDATOR,TERMINATED_BY_STRUCTURE_BREAK,2.0
2026-02-19 15:30:26,56538405,PREDATOR,TERMINATED_BY_STRUCTURE_BREAK,2.0
2026-02-19 15:30:28,56538409,PREDATOR,TERMINATED_BY_STRUCTURE_BREAK,2.0
2026-02-19 15:30:29,56538411,PREDATOR,TERMINATED_BY_STRUCTURE_BREAK,3.0
2026-02-19 15:30:30,56538414,PREDATOR,TERMINATED_BY_STRUCTURE_BREAK,3.0
2026-02-19 15:30:32,56538418,PREDATOR,TERMINATED_BY_STRUCTURE_BREAK,2.0
2026-02-19 15:30:34,56538421,PREDATOR,TERMINATED_BY_STRUCTURE_BREAK,3.0
2026-02-19 15:30:35,56538427,PREDATOR,TERMINATED_BY_STRUCTURE_BREAK,2.0
2026-02-19 15:30:37,56538430,PREDATOR,TERMINATED_BY_STRUCTURE_BREAK,2.0
2026-02-19 15:30:39,56538433,PREDATOR,TERMINATED_BY_STRUCTURE_BREAK,2.0
2026-02-19 15:30:40,56538439,PREDATOR,TERMINATED_BY_STRUCTURE_BREAK,2.0
2026-02-19 15:30:42,56538442,PREDATOR,TERMINATED_BY_STRUCTURE_BREAK,2.0
2026-02-19 15:30:43,56538448,PREDATOR,TERMINATED_BY_STRUCTURE_BREAK,2.0
2026-02-19 15:30:44,56538454,PREDATOR,TERMINATED_BY_STRUCTURE_BREAK,1.0
2026-02-19 15:30:46,56538461,PREDATOR,TERMINATED_BY_STRUCTURE_BREAK,1.0
2026-02-19 15:30:47,56538464,PREDATOR,TERMINATED_BY_STRUCTURE_BREAK,1.0
2026-02-19 15:30:49,56538468,PREDATOR,TERMINATED_BY_STRUCTURE_BREAK,2.0
2026-02-19 15:30:51,56538472,PREDATOR,TERMINATED_BY_STRUCTURE_BREAK,2.0
2026-02-19 15:30:52,56538479,PREDATOR,TERMINATED_BY_STRUCTURE_BREAK,3.0
2026-02-19 15:30:54,56538483,PREDATOR,TERMINATED_BY_STRUCTURE_BREAK,2.0
2026-02-19 15:30:55,56538486,PREDATOR,TERMINATED_BY_STRUCTURE_BREAK,2.0
2026-02-19 15:31:06,56538489,PREDATOR,TERMINATED_BY_STRUCTURE_BREAK,5.0
2026-02-19 15:31:06,56538490,PREDATOR,TERMINATED_BY_STRUCTURE_BREAK,4.0
2026-02-19 15:31:06,56538492,PREDATOR,TERMINATED_BY_STRUCTURE_BREAK,4.0
2026-02-19 15:31:07,56538494,PREDATOR,TERMINATED_BY_STRUCTURE_BREAK,4.0
2026-02-19 15:31:12,56538496,PREDATOR,TERMINATED_BY_STRUCTURE_BREAK,5.0
2026-02-19 15:31:12,56538497,PREDATOR,TERMINATED_BY_STRUCTURE_BREAK,6.0
2026-02-19 15:31:13,56538507,PREDATOR,TERMINATED_BY_STRUCTURE_BREAK,5.0
2026-02-19 15:31:13,56538510,PREDATOR,TERMINATED_BY_STRUCTURE_BREAK,3.0
2026-02-19 15:31:13,56538517,PREDATOR,TERMINATED_BY_STRUCTURE_BREAK,6.0
2026-02-19 15:31:13,56538519,PREDATOR,TERMINATED_BY_STRUCTURE_BREAK,6.0
2026-02-19 15:31:13,56538523,PREDATOR,TERMINATED_BY_STRUCTURE_BREAK,6.0
2026-02-19 15:31:13,56538524,PREDATOR,TERMINATED_BY_STRUCTURE_BREAK,2.0
2026-02-19 15:31:17,56538656,PREDATOR,TERMINATED_BY_STRUCTURE_BREAK,1.0
2026-02-19 15:31:17,56538665,PREDATOR,TERMINATED_BY_STRUCTURE_BREAK,3.0
2026-02-19 15:31:18,56538670,PREDATOR,TERMINATED_BY_STRUCTURE_BREAK,2.0
2026-02-19 15:31:20,56538672,PREDATOR,TERMINATED_BY_STRUCTURE_BREAK,2.0
2026-02-19 15:31:57,56538679,PREDATOR,TERMINATED_BY_STRUCTURE_BREAK,4.0
2026-02-19 15:31:57,56538689,PREDATOR,TERMINATED_BY_STRUCTURE_BREAK,4.0
2026-02-19 15:31:57,56538693,PREDATOR,TERMINATED_BY_STRUCTURE_BREAK,5.0
2026-02-19 15:31:58,56538697,PREDATOR,TERMINATED_BY_STRUCTURE_BREAK,5.0
2026-02-19 15:31:58,56538705,PREDATOR,TERMINATED_BY_STRUCTURE_BREAK,6.0
2026-02-19 15:31:58,56538711,PREDATOR,TERMINATED_BY_STRUCTURE_BREAK,6.0
2026-02-19 15:31:58,56538720,PREDATOR,TERMINATED_BY_STRUCTURE_BREAK,6.0
2026-02-19 15:31:59,56538722,PREDATOR,TERMINATED_BY_STRUCTURE_BREAK,6.0
2026-02-19 15:31:59,56538724,PREDATOR,TERMINATED_BY_STRUCTURE_BREAK,7.0
2026-02-19 15:31:59,56538725,PREDATOR,TERMINATED_BY_STRUCTURE_BREAK,8.0
2026-02-19 15:31:59,56538726,PREDATOR,TERMINATED_BY_STRUCTURE_BREAK,8.0
2026-02-19 15:31:59,56538728,PREDATOR,TERMINATED_BY_STRUCTURE_BREAK,8.0
2026-02-19 15:31:59,56538730,PREDATOR,TERMINATED_BY_STRUCTURE_BREAK,7.0
2026-02-19 15:32:00,56538731,PREDATOR,TERMINATED_BY_STRUCTURE_BREAK,6.0
2026-02-19 15:32:00,56538732,PREDATOR,TERMINATED_BY_STRUCTURE_BREAK,6.0
2026-02-19 15:32:00,56538733,PREDATOR,TERMINATED_BY_STRUCTURE_BREAK,6.0
2026-02-19 15:32:00,56538735,PREDATOR,TERMINATED_BY_STRUCTURE_BREAK,6.0
2026-02-19 15:32:00,56538736,PREDATOR,TERMINATED_BY_STRUCTURE_BREAK,6.0
2026-02-19 15:32:01,56538738,PREDATOR,TERMINATED_BY_STRUCTURE_BREAK,6.0
2026-02-19 15:32:01,56538740,PREDATOR,TERMINATED_BY_STRUCTURE_BREAK,7.0
2026-02-19 15:32:01,56538741,PREDATOR,TERMINATED_BY_STRUCTURE_BREAK,7.0
2026-02-19 15:32:10,56538742,PREDATOR,TERMINATED_BY_STRUCTURE_BREAK,6.0
2026-02-19 15:32:10,56538745,PREDATOR,TERMINATED_BY_STRUCTURE_BREAK,6.0
2026-02-19 15:32:11,56538746,PREDATOR,TERMINATED_BY_STRUCTURE_BREAK,6.0
2026-02-19 15:32:11,56538747,PREDATOR,TERMINATED_BY_STRUCTURE_BREAK,6.0
2026-02-19 15:32:11,56538748,PREDATOR,TERMINATED_BY_STRUCTURE_BREAK,6.0
2026-02-19 15:32:12,56538751,PREDATOR,TERMINATED_BY_STRUCTURE_BREAK,6.0
2026-02-19 15:32:12,56538752,PREDATOR,TERMINATED_BY_STRUCTURE_BREAK,6.0
2026-02-19 15:32:12,56538755,PREDATOR,TERMINATED_BY_STRUCTURE_BREAK,6.0
2026-02-19 15:32:12,56538757,PREDATOR,TERMINATED_BY_STRUCTURE_BREAK,2.0
2026-02-19 15:32:12,56538783,PREDATOR,TERMINATED_BY_STRUCTURE_BREAK,6.0
2026-02-19 15:32:12,56538785,PREDATOR,TERMINATED_BY_STRUCTURE_BREAK,6.0
2026-02-19 15:32:13,56538792,PREDATOR,TERMINATED_BY_STRUCTURE_BREAK,6.0
2026-02-19 15:32:13,56538796,PREDATOR,TERMINATED_BY_STRUCTURE_BREAK,6.0
2026-02-19 15:32:13,56538800,PREDATOR,TERMINATED_BY_STRUCTURE_BREAK,4.0
2026-02-19 15:32:13,56538802,PREDATOR,TERMINATED_BY_STRUCTURE_BREAK,4.0
2026-02-19 15:32:14,56538806,PREDATOR,TERMINATED_BY_STRUCTURE_BREAK,2.0
2026-02-19 15:32:23,56538826,PREDATOR,TERMINATED_BY_STRUCTURE_BREAK,5.0
2026-02-19 15:32:23,56538828,PREDATOR,TERMINATED_BY_STRUCTURE_BREAK,7.0
2026-02-19 15:32:23,56538831,PREDATOR,TERMINATED_BY_STRUCTURE_BREAK,7.0
2026-02-19 15:32:23,56538832,PREDATOR,TERMINATED_BY_STRUCTURE_BREAK,7.0
2026-02-19 15:32:23,56538836,PREDATOR,TERMINATED_BY_STRUCTURE_BREAK,6.0
2026-02-19 15:32:23,56538839,PREDATOR,TERMINATED_BY_STRUCTURE_BREAK,6.0
2026-02-19 15:32:23,56538842,PREDATOR,TERMINATED_BY_STRUCTURE_BREAK,2.0
2026-02-19 15:32:25,56538854,PREDATOR,TERMINATED_BY_STRUCTURE_BREAK,3.0
2026-02-19 15:32:26,56538856,PREDATOR,TERMINATED_BY_STRUCTURE_BREAK,3.0
2026-02-19 15:32:28,56538860,PREDATOR,TERMINATED_BY_STRUCTURE_BREAK,2.0
2026-02-19 15:32:29,56538864,PREDATOR,TERMINATED_BY_STRUCTURE_BREAK,2.0
2026-02-19 15:32:33,56538867,PREDATOR,TERMINATED_BY_STRUCTURE_BREAK,2.0
2026-02-19 15:32:33,56538870,PREDATOR,TERMINATED_BY_STRUCTURE_BREAK,2.0
2026-02-19 15:32:34,56538874,PREDATOR,TERMINATED_BY_STRUCTURE_BREAK,3.0
2026-02-19 15:32:35,56538877,PREDATOR,TERMINATED_BY_STRUCTURE_BREAK,2.0
2026-02-19 15:32:37,56538880,PREDATOR,TERMINATED_BY_STRUCTURE_BREAK,2.0
2026-02-19 15:32:38,56538886,PREDATOR,TERMINATED_BY_STRUCTURE_BREAK,2.0
2026-02-19 15:32:40,56538891,PREDATOR,TERMINATED_BY_STRUCTURE_BREAK,2.0
2026-02-19 15:32:41,56538893,PREDATOR,TERMINATED_BY_STRUCTURE_BREAK,2.0
2026-02-19 15:32:42,56538902,PREDATOR,TERMINATED_BY_STRUCTURE_BREAK,2.0
2026-02-19 15:32:44,56538917,PREDATOR,TERMINATED_BY_STRUCTURE_BREAK,2.0
2026-02-19 15:32:45,56538920,PREDATOR,TERMINATED_BY_STRUCTURE_BREAK,2.0
2026-02-19 15:32:46,56538923,PREDATOR,TERMINATED_BY_STRUCTURE_BREAK,2.0
2026-02-19 15:32:47,56538928,PREDATOR,TERMINATED_BY_STRUCTURE_BREAK,2.0
2026-02-19 15:32:49,56538931,PREDATOR,TERMINATED_BY_STRUCTURE_BREAK,2.0
2026-02-19 15:34:39,56538936,PREDATOR,TERMINATED_BY_STRUCTURE_BREAK,3.0
2026-02-19 15:34:39,56538937,PREDATOR,TERMINATED_BY_STRUCTURE_BREAK,7.0
2026-02-19 15:34:39,56538943,PREDATOR,TERMINATED_BY_STRUCTURE_BREAK,8.0
2026-02-19 15:34:39,56538946,PREDATOR,TERMINATED_BY_STRUCTURE_BREAK,8.0
2026-02-19 15:34:39,56538955,PREDATOR,TERMINATED_BY_STRUCTURE_BREAK,7.0
2026-02-19 15:34:40,56538961,PREDATOR,TERMINATED_BY_STRUCTURE_BREAK,8.0
2026-02-19 15:34:40,56538966,PREDATOR,TERMINATED_BY_STRUCTURE_BREAK,7.0
2026-02-19 15:34:40,56538968,PREDATOR,TERMINATED_BY_STRUCTURE_BREAK,7.0
2026-02-19 15:34:40,56538971,PREDATOR,TERMINATED_BY_STRUCTURE_BREAK,7.0
2026-02-19 15:34:40,56538974,PREDATOR,TERMINATED_BY_STRUCTURE_BREAK,7.0
2026-02-19 15:34:40,56538977,PREDATOR,TERMINATED_BY_STRUCTURE_BREAK,6.0
2026-02-19 15:34:40,56538978,PREDATOR,TERMINATED_BY_STRUCTURE_BREAK,6.0
2026-02-19 15:34:40,56538999,PREDATOR,TERMINATED_BY_STRUCTURE_BREAK,8.0
2026-02-19 15:34:41,56539002,PREDATOR,TERMINATED_BY_STRUCTURE_BREAK,7.0
2026-02-19 15:34:41,56539011,PREDATOR,TERMINATED_BY_STRUCTURE_BREAK,8.0
2026-02-19 15:34:41,56539016,PREDATOR,TERMINATED_BY_STRUCTURE_BREAK,8.0
2026-02-19 15:34:42,56539020,PREDATOR,TERMINATED_BY_STRUCTURE_BREAK,9.0
2026-02-19 15:34:42,56539026,PREDATOR,TERMINATED_BY_STRUCTURE_BREAK,9.0
2026-02-19 15:34:42,56539029,PREDATOR,TERMINATED_BY_STRUCTURE_BREAK,8.0
2026-02-19 15:34:42,56539030,PREDATOR,TERMINATED_BY_STRUCTURE_BREAK,7.0
